<?xml version="1.0" encoding="utf-8"?><tile><visual version="2" Branding="name" baseUri="http://blob.weather.microsoft.com/static/mws-new/" hint-lockDetailedStatus1="New Delhi   23°" hint-lockDetailedStatus2="Fair" hint-lockDetailedStatus3="High 28°, Low 17°"><binding template="TileSmall" hint-textStacking="center" hint-overlay="30" branding="none"><image placement="background" src="WeatherImages/210x173/39.jpg?a" /><text hint-style="caption" hint-align="center">New Delhi</text><text hint-style="base" hint-align="center">23°</text></binding><binding template="TileMedium" DisplayName="New Delhi" hint-overlay="30"><image placement="background" src="WeatherImages/210x173/39.jpg?a" /><text>Fair</text><image hint-removeMargin="True" hint-align="center" src="ms-appx:///Assets/AppTiles/Spacer/6px.png" /><group><subgroup hint-weight="70" hint-textStacking="center"><image hint-removeMargin="True" hint-align="center" src="ms-appx:///Assets/AppTiles/Spacer/2px.png" /><text hint-style="titleNumeral">23°</text></subgroup><subgroup hint-weight="30"><image hint-removeMargin="True" hint-align="center" src="ms-appx:///Assets/AppTiles/Spacer/6px.png" /><text>28°</text><text hint-style="captionsubtle">17°</text></subgroup></group></binding><binding template="TileWide" DisplayName="New Delhi" hint-overlay="30"><image placement="background" src="WeatherImages/423x173/39.jpg?a" /><text>Fair</text><image hint-removeMargin="True" hint-align="center" src="ms-appx:///Assets/AppTiles/Spacer/6px.png" /><group><subgroup hint-weight="32" hint-textStacking="center"><image hint-removeMargin="True" hint-align="center" src="ms-appx:///Assets/AppTiles/Spacer/2px.png" /><text hint-style="titleNumeral">23°</text></subgroup><subgroup hint-weight="20"><image hint-removeMargin="True" hint-align="center" src="ms-appx:///Assets/AppTiles/Spacer/6px.png" /><text>28°</text><text hint-style="captionsubtle">17°</text></subgroup><subgroup hint-weight="10"><image hint-removeMargin="True" hint-align="center" src="ms-appx:///Assets/AppTiles/Spacer/6px.png" /><image hint-removeMargin="True" hint-align="center" src="LiveTile/Icons_Icon_PoP_sm.png?a" /><image hint-removeMargin="True" hint-align="center" src="ms-appx:///Assets/AppTiles/Spacer/4px.png" /><image hint-removeMargin="True" hint-align="center" src="LiveTile/W0.png?a" /></subgroup><subgroup hint-weight="38"><image hint-removeMargin="True" hint-align="center" src="ms-appx:///Assets/AppTiles/Spacer/6px.png" /><text>0%</text><text>0 mph</text></subgroup></group></binding><binding template="TileLarge" DisplayName="New Delhi" hint-overlay="30"><image placement="background" src="WeatherImages/210x173/39.jpg?a" /><text>Fair</text><image hint-removeMargin="True" hint-align="center" src="ms-appx:///Assets/AppTiles/Spacer/6px.png" /><group><subgroup hint-weight="100"><image hint-removeMargin="True" hint-align="center" src="ms-appx:///Assets/AppTiles/Spacer/2px.png" /><text hint-style="subheaderNumeral">23°</text></subgroup></group><text /><group><subgroup hint-weight="18"><text hint-align="center">Wed</text><image hint-align="center" src="WeatherIcons/30x30/1.png?a" /><text hint-align="center">28°</text><text hint-style="captionsubtle" hint-align="center">17°</text></subgroup><subgroup hint-weight="18"><text hint-align="center">Thu</text><image hint-align="center" src="WeatherIcons/30x30/1.png?a" /><text hint-align="center">27°</text><text hint-style="captionsubtle" hint-align="center">17°</text></subgroup><subgroup hint-weight="18"><text hint-align="center">Fri</text><image hint-align="center" src="WeatherIcons/30x30/1.png?a" /><text hint-align="center">27°</text><text hint-style="captionsubtle" hint-align="center">16°</text></subgroup><subgroup hint-weight="18"><text hint-align="center">Sat</text><image hint-align="center" src="WeatherIcons/30x30/1.png?a" /><text hint-align="center">28°</text><text hint-style="captionsubtle" hint-align="center">15°</text></subgroup><subgroup hint-weight="18"><text hint-align="center">Sun</text><image hint-align="center" src="WeatherIcons/30x30/1.png?a" /><text hint-align="center">27°</text><text hint-style="captionsubtle" hint-align="center">16°</text></subgroup></group></binding></visual></tile>